{
  "timeZone": "Europe/Paris",
  "exceptionLogging": "CLOUD",
  "runtimeVersion": "V8",
  "dependencies": {
    "enabledAdvancedServices": [
      {
        "userSymbol": "Sheets",
        "serviceId": "sheets",
        "version": "v4"
      },
      {
        "userSymbol": "Drive",
        "serviceId": "drive",
        "version": "v2"
      }
    ]
  },
  "oauthScopes": [
    "https://www.googleapis.com/auth/drive",
    "https://www.googleapis.com/auth/spreadsheets",
    "https://www.googleapis.com/auth/script.projects",
    "https://www.googleapis.com/auth/script.external_request"
  ]
}
